{
    "booklist":[
        {
            "genre": "fiction",
            "title": "Pride and Prejudice and Zombies",
            "author": "Jane Austen and Seth Grahame-Smith",
            "publicationdate": 2009,
            "isbn": "1-5947-4334-7"

        },
        {
            "genre": "fiction",
            "title": "World War Z: An Oral History of the Zombie War",
            "author": "Max Brooks",
            "publicationdate": 2007,
            "isbn": "0-3073-4661-7"

        },
        {
            "genre": "Non-fiction Books",
            "title": "Raising Goats for Dummies",
            "author": "Cheryl K. Smith",
            "publicationdate": 2010,
            "isbn": "0-4705-6899-2"
        }
    ]
    
}

